<?xml version="1.0" encoding="UTF-8"?>
<project name="Migration Tool" default="check" basedir="." xmlns:sf="antlib:com.salesforce">

	<!-- ant-salesforce.jar -->
    <taskdef resource="com/salesforce/antlib.xml" uri="antlib:com.salesforce">
        <classpath>
            <pathelement location="../../tool/migration_tool/ant-salesforce.jar" />
        </classpath>
    </taskdef>

    <target name="useproxy">
        <setproxy proxyhost="${proxy.host}" proxyport="${proxy.port}"/>
    </target>
    
    <!-- 本番環境 -->
    <!-- check：ソースチェックのみ。サーバへは保存しない -->
    <target name="check">
        <sf:deploy
            username="${sf.username}"
            password="${sf.password}"
            serverurl="https://login.salesforce.com"
            deployroot="metadata/src"
            maxPoll="200"
            checkOnly="true">
        </sf:deploy>
    </target>
    
    <!-- deploy：デプロイする -->
    <target name="deploy">
        <sf:deploy
            username="${sf.username}"
            password="${sf.password}"
            serverurl="https://login.salesforce.com"
            deployroot="metadata/src"
            maxPoll="200">
        </sf:deploy>
    </target>
    
    <!-- Sandbox -->
    <!-- check：ソースチェックのみ。サーバへは保存しない -->
    <target name="sand_check">
        <sf:deploy
            username="${sf.username}"
            password="${sf.password}"
            serverurl="https://test.salesforce.com"
            deployroot="metadata/src"
            maxPoll="200"
            checkOnly="true">
        </sf:deploy>
    </target>
    
    <!-- deploy：デプロイする -->
    <target name="sand_deploy">
        <sf:deploy
            username="${sf.username}"
            password="${sf.password}"
            serverurl="https://test.salesforce.com"
            deployroot="metadata/src"
            maxPoll="200">
        </sf:deploy>
    </target>
</project>
