<?xml version="1.0" encoding="UTF-8"?>
<ApexPage xmlns="http://soap.sforce.com/2006/04/metadata">
    <apiVersion>28.0</apiVersion>
    <availableInTouch>false</availableInTouch>
    <confirmationTokenRequired>false</confirmationTokenRequired>
    <description>提案資料,,</description>
    <label>CSO(CMarket_a2t)</label>
    <packageVersions>
        <majorNumber>6</majorNumber>
        <minorNumber>21</minorNumber>
        <namespace>SOLXYZCSO001</namespace>
    </packageVersions>
</ApexPage>
